1,1,One,A,oc,uk,Human Resources,1,V9100101
2,2,One,A,oc,uk,Operations,2,V9100102
3,3,One,A,oc,uk,Human Resources,3,V9100103
4,4,One,A,oc,uk,Marketing,4,V9100104
5,5,One,A,oc,uk,Marketing,5,V9100105
6,6,One,A,oc,uk,Human Resources,6,V9100106
7,7,One,A,oc,uk,Marketing,7,V9100107
8,8,One,A,oc,uk,Operations,8,V9100108
9,9,One,A,oc,uk,Operations,9,V9100109
10,10,One,A,oc,uk,Human Resources,10,V9100110
11,11,One,A,oc,uk,Operations,11,V9100111
12,12,One,A,oc,uk,Sales,12,V9100112
13,13,One,A,oc,uk,Technical,13,V9100113
14,14,One,A,oc,uk,Sales,14,V9100114
15,15,One,A,oc,uk,Operations,15,V9100115
16,16,One,A,oc,uk,Human Resources,16,V9100116
17,17,One,A,oc,uk,Technical,17,V9100117
18,18,One,A,oc,uk,Operations,18,V9100118
19,19,One,A,oc,uk,Operations,19,V9100119
20,20,One,A,oc,uk,Sales,20,V9100120
21,21,One,A,oc,uk,Marketing,21,V9100121
22,22,One,A,oc,uk,Technical,22,V9100122
23,23,One,A,oc,uk,Human Resources,23,V9100123
24,24,One,A,oc,uk,Marketing,24,V9100124
25,25,One,A,oc,uk,Finance,25,V9100125
26,26,One,A,oc,uk,Marketing,26,V9100126
27,27,One,A,oc,uk,Technical,27,V9100127
28,28,One,A,oc,uk,Finance,28,V9100128
29,29,One,A,oc,uk,Marketing,29,V9100129
30,30,One,A,oc,uk,Operations,30,V9100130
31,31,One,A,oc,uk,Marketing,31,V9100131
32,32,One,A,oc,uk,Sales,32,V9100132
33,33,One,A,oc,uk,Technical,33,V9100133
34,34,One,A,oc,uk,Operations,34,V9100134
35,35,One,A,oc,uk,Sales,35,V9100135
36,36,One,A,oc,uk,Operations,36,V9100136
37,37,One,A,oc,uk,Sales,37,V9100137
38,38,One,A,oc,uk,Operations,38,V9100138
39,39,One,A,oc,uk,Finance,39,V9100139
40,40,One,A,oc,uk,Sales,40,V9100140
41,41,One,A,oc,uk,Operations,41,V9100141
42,42,One,A,oc,uk,Operations,42,V9100142
43,43,One,A,oc,uk,Operations,43,V9100143
44,44,One,A,oc,uk,Sales,44,V9100144
45,45,One,A,oc,uk,Marketing,45,V9100145
46,46,One,A,oc,uk,Technical,46,V9100146
47,47,One,A,oc,uk,Finance,47,V9100147
48,48,One,A,oc,uk,Technical,48,V9100148
49,49,One,A,oc,uk,Sales,49,V9100149
50,50,One,A,oc,uk,Marketing,50,V9100150
51,51,One,A,oc,uk,Marketing,51,V9100151
52,52,One,A,oc,uk,Operations,52,V9100152
53,53,One,A,oc,uk,Human Resources,53,V9100153
54,54,One,A,oc,uk,Sales,54,V9100154
55,55,One,A,oc,uk,Marketing,55,V9100155
56,56,One,A,oc,uk,Sales,56,V9100156
57,57,One,A,oc,uk,Sales,57,V9100157
58,58,One,A,oc,uk,Marketing,58,V9100158
59,59,One,A,oc,uk,Operations,59,V9100159
60,60,One,A,oc,uk,Technical,60,V9100160
61,61,One,A,oc,uk,Marketing,61,V9100161
62,62,One,A,oc,uk,Finance,62,V9100162
63,63,One,A,oc,uk,Technical,63,V9100163
64,64,One,A,oc,uk,Marketing,64,V9100164
65,65,One,A,oc,uk,Human Resources,65,V9100165
66,66,One,A,oc,uk,Technical,66,V9100166
67,67,One,A,oc,uk,Human Resources,67,V9100167
68,68,One,A,oc,uk,Finance,68,V9100168
69,69,One,A,oc,uk,Human Resources,69,V9100169
70,70,One,A,oc,uk,Human Resources,70,V9100170
71,71,One,A,oc,uk,Marketing,71,V9100171
72,72,One,A,oc,uk,Human Resources,72,V9100172
73,73,One,A,oc,uk,Human Resources,73,V9100173
74,74,One,A,oc,uk,Sales,74,V9100174
75,75,One,A,oc,uk,Operations,75,V9100175
76,76,One,A,oc,uk,Human Resources,76,V9100176
77,77,One,A,oc,uk,Finance,77,V9100177
78,78,One,A,oc,uk,Sales,78,V9100178
79,79,One,A,oc,uk,Finance,79,V9100179
80,80,One,A,oc,uk,Human Resources,80,V9100180
81,81,One,A,oc,uk,Operations,81,V9100181
82,82,One,A,oc,uk,Marketing,82,V9100182
83,83,One,A,oc,uk,Finance,83,V9100183
84,84,One,A,oc,uk,Sales,84,V9100184
85,85,One,A,oc,uk,Marketing,85,V9100185
86,86,One,A,oc,uk,Operations,86,V9100186
87,87,One,A,oc,uk,Marketing,87,V9100187
88,88,One,A,oc,uk,Operations,88,V9100188
89,89,One,A,oc,uk,Sales,89,V9100189
90,90,One,A,oc,uk,Technical,90,V9100190
91,91,One,A,oc,uk,Marketing,91,V9100191
92,92,One,A,oc,uk,Marketing,92,V9100192
93,93,One,A,oc,uk,Operations,93,V9100193
94,94,One,A,oc,uk,Operations,94,V9100194
95,95,One,A,oc,uk,Operations,95,V9100195
96,96,One,A,oc,uk,Operations,96,V9100196
97,97,One,A,oc,uk,Operations,97,V9100197
98,98,One,A,oc,uk,Sales,98,V9100198
99,99,One,A,oc,uk,Marketing,99,V9100199
100,100,One,A,oc,uk,Human Resources,100,V9100200
101,101,One,A,oc,uk,Human Resources,101,V9100201
102,102,One,A,oc,uk,Human Resources,102,V9100202
103,103,One,A,oc,uk,Marketing,103,V9100203
104,104,One,A,oc,uk,Sales,104,V9100204
105,105,One,A,oc,uk,Operations,105,V9100205
106,106,One,A,oc,uk,Technical,106,V9100206
107,107,One,A,oc,uk,Sales,107,V9100207
108,108,One,A,oc,uk,Marketing,108,V9100208
109,109,One,A,oc,uk,Operations,109,V9100209
110,110,One,A,oc,uk,Technical,110,V9100210
111,111,One,A,oc,uk,Operations,111,V9100211
112,112,One,A,oc,uk,Human Resources,112,V9100212
113,113,One,A,oc,uk,Marketing,113,V9100213
114,114,One,A,oc,uk,Marketing,114,V9100214
115,115,One,A,oc,uk,Finance,115,V9100215
116,116,One,A,oc,uk,Marketing,116,V9100216
117,117,One,A,oc,uk,Marketing,117,V9100217
118,118,One,A,oc,uk,Operations,118,V9100218
119,119,One,A,oc,uk,Finance,119,V9100219
120,120,One,A,oc,uk,Operations,120,V9100220
121,121,One,A,oc,uk,Human Resources,121,V9100221
122,122,One,A,oc,uk,Sales,122,V9100222
123,123,One,A,oc,uk,Operations,123,V9100223
124,124,One,A,oc,uk,Marketing,124,V9100224
125,125,One,A,oc,uk,Sales,125,V9100225
126,126,One,A,oc,uk,Human Resources,126,V9100226
127,127,One,A,oc,uk,Operations,127,V9100227
128,128,One,A,oc,uk,Finance,128,V9100228
129,129,One,A,oc,uk,Human Resources,129,V9100229
130,130,One,A,oc,uk,Operations,130,V9100230
131,131,One,A,oc,uk,Finance,131,V9100231
132,132,One,A,oc,uk,Finance,132,V9100232
133,133,One,A,oc,uk,Finance,133,V9100233
134,134,One,A,oc,uk,Human Resources,134,V9100234
135,135,One,A,oc,uk,Technical,135,V9100235
136,136,One,A,oc,uk,Finance,136,V9100236
137,137,One,A,oc,uk,Marketing,137,V9100237
138,138,One,A,oc,uk,Technical,138,V9100238
139,139,One,A,oc,uk,Operations,139,V9100239
140,140,One,A,oc,uk,Human Resources,140,V9100240
141,141,One,A,oc,uk,Finance,141,V9100241
142,142,One,A,oc,uk,Technical,142,V9100242
143,143,One,A,oc,uk,Technical,143,V9100243
144,144,One,A,oc,uk,Marketing,144,V9100244
145,145,One,A,oc,uk,Human Resources,145,V9100245
146,146,One,A,oc,uk,Operations,146,V9100246
147,147,One,A,oc,uk,Technical,147,V9100247
148,148,One,A,oc,uk,Operations,148,V9100248
149,149,One,A,oc,uk,Technical,149,V9100249
150,150,One,A,oc,uk,Marketing,150,V9100250
151,151,One,A,bu,uk,Human Resources,151,null
152,152,One,A,bu,uk,Finance,152,null
153,153,One,A,bu,uk,Sales,153,null
154,154,One,A,bu,uk,Operations,154,null
155,155,One,A,bu,uk,Operations,155,null
156,156,One,A,bu,uk,Sales,156,null
157,157,One,A,bu,uk,Sales,157,null
158,158,One,A,bu,uk,Sales,158,null
159,159,One,A,bu,uk,Sales,159,null
160,160,One,A,bu,uk,Human Resources,160,null
161,161,One,A,bu,uk,Technical,161,null
162,162,One,A,bu,uk,Human Resources,162,null
163,163,One,A,bu,uk,Operations,163,null
164,164,One,A,bu,uk,Human Resources,164,null
165,165,One,A,bu,uk,Sales,165,null
166,166,One,A,bu,uk,Human Resources,166,null
167,167,One,A,bu,uk,Human Resources,167,null
168,168,One,A,bu,uk,Sales,168,null
169,169,One,A,bu,uk,Operations,169,null
170,170,One,A,bu,uk,Finance,170,null
171,171,One,A,bu,uk,Finance,171,null
172,172,One,A,bu,uk,Operations,172,null
173,173,One,A,bu,uk,Finance,173,null
174,174,One,A,bu,uk,Human Resources,174,null
175,175,One,A,bu,uk,Finance,175,null
176,176,One,A,un,uk,null,176,null
177,177,One,A,un,uk,null,177,null
178,178,One,A,un,uk,null,178,null
179,179,One,A,un,uk,null,179,null
180,180,One,A,un,uk,null,180,null
1,1,Two,A,oc,uk,Human Resources,181,V9100101
2,2,Two,A,oc,uk,Operations,182,V9100102
3,3,Two,A,oc,uk,Human Resources,183,V9100103
4,4,Two,A,oc,uk,Marketing,184,V9100104
5,5,Two,A,oc,uk,Marketing,185,V9100105
6,6,Two,A,oc,uk,Human Resources,186,V9100106
7,7,Two,A,oc,uk,Marketing,187,V9100107
8,8,Two,A,oc,uk,Operations,188,V9100108
9,9,Two,A,oc,uk,Operations,189,V9100109
10,10,Two,A,oc,uk,Human Resources,190,V9100110
11,11,Two,A,bu,uk,Operations,191,null
12,12,Two,A,bu,uk,Sales,192,null
13,13,Two,A,bu,uk,Technical,193,null
14,14,Two,A,bu,uk,Sales,194,null
15,15,Two,A,bu,uk,Operations,195,null
16,16,Two,A,bu,uk,Human Resources,196,null
17,17,Two,A,un,uk,Technical,197,null
18,18,Two,A,un,uk,Operations,198,null
19,19,Two,A,un,uk,Operations,199,null
20,20,Two,A,un,uk,Sales,200,null
