1,V9100101,V9100101,V9100101,Luke,Scott,lscott@verticurl.com,Admin Executive,Coimbatore,V9100110,V9100117,uk,Operation,1,inactive
2,V9100102,V9100102,V9100102,Mark,Lynn,mlynn@verticurl.com,Admin Executive,Coimbatore,V9100110,V9100117,uk,Technical,2,inactive
3,V9100103,V9100103,V9100103,Danielle,Schmitt,dschmitt@verticurl.com,Admin Executive,Coimbatore,V9100110,V9100117,uk,Human Resources,3,inactive
4,V9100104,V9100104,V9100104,Erin,Bowman,ebowman@verticurl.com,Admin Executive,Coimbatore,V9100110,V9100117,uk,Marketing,4,inactive
5,V9100105,V9100105,V9100105,Kristin,Johnson,kjohnson@verticurl.com,Admin Executive,Coimbatore,V9100110,V9100117,uk,Operation,5,inactive
6,V9100106,V9100106,V9100106,Michael,Gentry,mgentry@verticurl.com,Admin Executive,Coimbatore,V9100110,V9100117,uk,Operation,6,inactive
7,V9100107,V9100107,V9100107,Kayla,Anderson,kanderson@verticurl.com,Admin Executive,Coimbatore,V9100110,V9100117,uk,Technical,7,inactive
8,V9100108,V9100108,V9100108,Timothy,Knight,tknight@verticurl.com,Admin Executive,Coimbatore,V9100110,V9100117,uk,Human Resources,8,inactive
9,V9100109,V9100109,V9100109,Margaret,Mora,mmora@verticurl.com,Admin Executive,Coimbatore,V9100110,V9100117,uk,Finance,9,inactive
10,V9100110,V9100110,V9100110,Robert,Kelly,rkelly@verticurl.com,Admin Executive,Coimbatore,V9100110,V9100117,uk,Human Resources,10,inactive
11,V9100111,V9100111,V9100111,Gary,Jacobs,gjacobs@verticurl.com,Admin Executive,Coimbatore,V9100110,V9100117,uk,Marketing,11,inactive
12,V9100112,V9100112,V9100112,Kathy,Thornton,kthornton@verticurl.com,Admin Executive,Coimbatore,V9100110,V9100117,uk,Marketing,12,inactive
13,V9100113,V9100113,V9100113,Timothy,Jackson,tjackson@verticurl.com,Admin Executive,Coimbatore,V9100110,V9100117,uk,Sales,13,inactive
14,V9100114,V9100114,V9100114,Christopher,King,cking@verticurl.com,Admin Executive,Coimbatore,V9100110,V9100117,uk,Human Resources,14,inactive
15,V9100115,V9100115,V9100115,Daniel,Howard,dhoward@verticurl.com,Admin Executive,Coimbatore,V9100110,V9100117,uk,Sales,15,inactive
16,V9100116,V9100116,V9100116,Candice,Moore,cmoore@verticurl.com,Admin Executive,Coimbatore,V9100110,V9100117,uk,Marketing,16,inactive
17,V9100117,V9100117,V9100117,Michael,Proctor,mproctor@verticurl.com,Admin Executive,Coimbatore,V9100110,V9100117,uk,Technical,17,inactive
18,V9100118,V9100118,V9100118,Steven,Chambers,schambers@verticurl.com,Admin Executive,Coimbatore,V9100110,V9100117,uk,Finance,18,inactive
19,V9100119,V9100119,V9100119,Sherry,Johnston,sjohnston@verticurl.com,Admin Executive,Coimbatore,V9100110,V9100117,uk,Sales,19,inactive
20,V9100120,V9100120,V9100120,Valerie,Hanson,vhanson@verticurl.com,Senior Executive,Coimbatore,V9100125,V9100157,uk,Marketing,20,inactive
21,V9100121,V9100121,V9100121,Austin,Wang,awang@verticurl.com,Senior Executive,Coimbatore,V9100125,V9100157,uk,Operation,21,inactive
22,V9100122,V9100122,V9100122,Annette,Webb,awebb@verticurl.com,Senior Executive,Coimbatore,V9100125,V9100157,uk,Human Resources,22,inactive
23,V9100123,V9100123,V9100123,Alicia,Perez,aperez@verticurl.com,Senior Executive,Coimbatore,V9100125,V9100157,uk,Technical,23,inactive
24,V9100124,V9100124,V9100124,Patricia,Pollard,ppollard@verticurl.com,Senior Executive,Coimbatore,V9100125,V9100157,uk,Sales,24,inactive
25,V9100125,V9100125,V9100125,Cheryl,Roberts,croberts@verticurl.com,Senior Executive,Coimbatore,V9100125,V9100157,uk,Operation,25,inactive
26,V9100126,V9100126,V9100126,Patrick,Ewing,pewing@verticurl.com,Senior Executive,Coimbatore,V9100125,V9100157,uk,Finance,26,inactive
27,V9100127,V9100127,V9100127,Bryce,Lester,blester@verticurl.com,Senior Executive,Coimbatore,V9100125,V9100157,uk,Technical,27,inactive
28,V9100128,V9100128,V9100128,Daniel,Campbell,dcampbell@verticurl.com,Senior Executive,Coimbatore,V9100125,V9100157,uk,Technical,28,inactive
29,V9100129,V9100129,V9100129,Carol,Black,cblack@verticurl.com,Senior Executive,Coimbatore,V9100125,V9100157,uk,Technical,29,inactive
30,V9100130,V9100130,V9100130,Stephen,Dunn,sdunn@verticurl.com,Senior Executive,Coimbatore,V9100125,V9100157,uk,Marketing,30,inactive
31,V9100131,V9100131,V9100131,William,Arnold,warnold@verticurl.com,Senior Executive,Coimbatore,V9100125,V9100157,uk,Sales,31,inactive
32,V9100132,V9100132,V9100132,John,Howe,jhowe@verticurl.com,Senior Executive,Coimbatore,V9100125,V9100157,uk,Sales,32,inactive
33,V9100133,V9100133,V9100133,Andre,Oliver,aoliver@verticurl.com,Senior Executive,Coimbatore,V9100125,V9100157,uk,Technical,33,inactive
34,V9100134,V9100134,V9100134,Ariel,Sanders,asanders@verticurl.com,Senior Executive,Coimbatore,V9100125,V9100157,uk,Technical,34,inactive
35,V9100135,V9100135,V9100135,Cynthia,Johnston,cjohnston@verticurl.com,Senior Executive,Coimbatore,V9100125,V9100157,uk,Operation,35,inactive
36,V9100136,V9100136,V9100136,Ryan,May,rmay@verticurl.com,Senior Executive,Coimbatore,V9100125,V9100157,uk,Operation,36,inactive
37,V9100137,V9100137,V9100137,Andrew,Sanders,asanders@verticurl.com,Senior Executive,Coimbatore,V9100125,V9100157,uk,Operation,37,inactive
38,V9100138,V9100138,V9100138,Richard,Williams,rwilliams@verticurl.com,Senior Executive,Coimbatore,V9100125,V9100157,uk,Human Resources,38,inactive
39,V9100139,V9100139,V9100139,Hannah,Esparza,hesparza@verticurl.com,Senior Executive,Coimbatore,V9100125,V9100157,uk,Human Resources,39,inactive
40,V9100140,V9100140,V9100140,Justin,Miller,jmiller@verticurl.com,Senior Executive,Coimbatore,V9100125,V9100157,uk,Marketing,40,inactive
41,V9100141,V9100141,V9100141,Patrick,Wright,pwright@verticurl.com,Senior Executive,Coimbatore,V9100125,V9100157,uk,Sales,41,inactive
42,V9100142,V9100142,V9100142,Ruth,Bridges,rbridges@verticurl.com,Senior Executive,Coimbatore,V9100125,V9100157,uk,Human Resources,42,inactive
43,V9100143,V9100143,V9100143,Craig,Clark,cclark@verticurl.com,Senior Executive,Coimbatore,V9100125,V9100157,uk,Technical,43,inactive
44,V9100144,V9100144,V9100144,Kathy,Perez,kperez@verticurl.com,Senior Executive,Coimbatore,V9100125,V9100157,uk,Operation,44,inactive
45,V9100145,V9100145,V9100145,Christine,Marshall,cmarshall@verticurl.com,Senior Executive,Coimbatore,V9100125,V9100157,uk,Finance,45,inactive
46,V9100146,V9100146,V9100146,John,Ortiz,jortiz@verticurl.com,Senior Executive,Coimbatore,V9100125,V9100157,uk,Sales,46,inactive
47,V9100147,V9100147,V9100147,Belinda,Clark,bclark@verticurl.com,Senior Executive,Coimbatore,V9100125,V9100157,uk,Technical,47,inactive
48,V9100148,V9100148,V9100148,Alexis,Mueller,amueller@verticurl.com,Senior Executive,Coimbatore,V9100156,V9100162,uk,Human Resources,48,inactive
49,V9100149,V9100149,V9100149,Daniel,Odonnell,dodonnell@verticurl.com,Senior Executive,Coimbatore,V9100156,V9100162,uk,Technical,49,inactive
50,V9100150,V9100150,V9100150,Troy,Kelly,tkelly@verticurl.com,Senior Executive,Coimbatore,V9100156,V9100162,uk,Finance,50,inactive
51,V9100151,V9100151,V9100151,David,Mcdowell,dmcdowell@verticurl.com,Senior Executive,Coimbatore,V9100156,V9100162,uk,Sales,51,inactive
52,V9100152,V9100152,V9100152,Emily,Carey,ecarey@verticurl.com,Admin Manager,Coimbatore,V9100156,V9100162,uk,Marketing,52,inactive
53,V9100153,V9100153,V9100153,William,West,wwest@verticurl.com,Admin Manager,Coimbatore,V9100156,V9100162,uk,Human Resources,53,inactive
54,V9100154,V9100154,V9100154,Tracy,Elliott,telliott@verticurl.com,Admin Manager,Coimbatore,V9100156,V9100162,uk,Marketing,54,inactive
55,V9100155,V9100155,V9100155,Kristin,Gordon,kgordon@verticurl.com,Admin Manager,Coimbatore,V9100156,V9100162,uk,Operation,55,inactive
56,V9100156,V9100156,V9100156,Tony,Simpson,tsimpson@verticurl.com,Admin Manager,Coimbatore,V9100156,V9100162,uk,Operation,56,inactive
57,V9100157,V9100157,V9100157,Edward,Hill,ehill@verticurl.com,Admin Manager,Coimbatore,V9100156,V9100162,uk,Operation,57,inactive
58,V9100158,V9100158,V9100158,Leslie,King,lking@verticurl.com,Admin Manager,Coimbatore,V9100156,V9100162,uk,Marketing,58,inactive
59,V9100159,V9100159,V9100159,Gene,Thompson,gthompson@verticurl.com,Admin Manager,Coimbatore,V9100156,V9100162,uk,Operation,59,inactive
60,V9100160,V9100160,V9100160,Cole,Martinez,cmartinez@verticurl.com,Admin Manager,Coimbatore,V9100156,V9100162,uk,Sales,60,inactive
61,V9100161,V9100161,V9100161,Kara,Ramirez,kramirez@verticurl.com,Admin Manager,Coimbatore,V9100156,V9100162,uk,Finance,61,inactive
62,V9100162,V9100162,V9100162,Jonathan,Arnold,jarnold@verticurl.com,Admin Manager,Coimbatore,V9100156,V9100162,uk,Human Resources,62,inactive
63,V9100163,V9100163,V9100163,Rachel,Davidson,rdavidson@verticurl.com,Admin Manager,Coimbatore,V9100156,V9100162,uk,Operation,63,inactive
64,V9100164,V9100164,V9100164,Tony,Robles,trobles@verticurl.com,Admin Manager,Coimbatore,V9100156,V9100162,uk,Human Resources,64,inactive
65,V9100165,V9100165,V9100165,Katrina,Cooper,kcooper@verticurl.com,Admin Manager,Coimbatore,V9100156,V9100162,uk,Operation,65,inactive
66,V9100166,V9100166,V9100166,Steven,Eaton,seaton@verticurl.com,Admin Manager,Coimbatore,V9100156,V9100162,uk,Operation,66,inactive
67,V9100167,V9100167,V9100167,Megan,Little,mlittle@verticurl.com,Admin Manager,Coimbatore,V9100156,V9100162,uk,Marketing,67,inactive
68,V9100168,V9100168,V9100168,Michael,Hodges,mhodges@verticurl.com,Admin Manager,Coimbatore,V9100156,V9100162,uk,Finance,68,inactive
69,V9100169,V9100169,V9100169,Kevin,Gallegos,kgallegos@verticurl.com,Admin Manager,Coimbatore,V9100156,V9100162,uk,Technical,69,inactive
70,V9100170,V9100170,V9100170,Susan,Parker,sparker@verticurl.com,Admin Manager,Coimbatore,V9100156,V9100162,uk,Marketing,70,inactive
71,V9100171,V9100171,V9100171,Michael,Hogan,mhogan@verticurl.com,Admin Manager,Coimbatore,V9100156,V9100162,uk,Technical,71,inactive
72,V9100172,V9100172,V9100172,Sharon,Gordon,sgordon@verticurl.com,Admin Manager,Coimbatore,V9100156,V9100162,uk,Human Resources,72,inactive
73,V9100173,V9100173,V9100173,Jennifer,Pitts,jpitts@verticurl.com,Admin Manager,Coimbatore,V9100156,V9100162,uk,Human Resources,73,inactive
74,V9100174,V9100174,V9100174,Jonathon,Singh,jsingh@verticurl.com,Admin Manager,Coimbatore,V9100156,V9100162,uk,Human Resources,74,inactive
75,V9100175,V9100175,V9100175,Christina,Alexander,calexander@verticurl.com,Admin Manager,Coimbatore,V9100156,V9100162,uk,Finance,75,inactive
76,V9100176,V9100176,V9100176,Brandon,Harrell,bharrell@verticurl.com,Admin Manager,Coimbatore,V9100156,V9100162,uk,Human Resources,76,inactive
77,V9100177,V9100177,V9100177,Jerome,Schroeder,jschroeder@verticurl.com,Admin Manager,Coimbatore,V9100156,V9100162,uk,Sales,77,inactive
78,V9100178,V9100178,V9100178,Lucas,Edwards,ledwards@verticurl.com,Admin Manager,Coimbatore,V9100156,V9100162,uk,Finance,78,inactive
79,V9100179,V9100179,V9100179,Sean,Pitts,spitts@verticurl.com,Admin Manager,Coimbatore,V9100156,V9100162,uk,Technical,79,inactive
80,V9100180,V9100180,V9100180,Paul,Obrien,pobrien@verticurl.com,Admin Manager,Coimbatore,V9100156,V9100162,uk,Sales,80,inactive
81,V9100181,V9100181,V9100181,Amanda,Reilly,areilly@verticurl.com,Admin Manager,Coimbatore,V9100156,V9100162,uk,Operation,81,inactive
82,V9100182,V9100182,V9100182,Jack,Richards,jrichards@verticurl.com,Admin Manager,Coimbatore,V9100156,V9100162,uk,Sales,82,inactive
83,V9100183,V9100183,V9100183,Joseph,Moreno,jmoreno@verticurl.com,Admin Manager,Coimbatore,V9100156,V9100162,uk,Marketing,83,inactive
84,V9100184,V9100184,V9100184,David,Smith,dsmith@verticurl.com,Admin Manager,Coimbatore,V9100156,V9100162,uk,Finance,84,inactive
85,V9100185,V9100185,V9100185,Leah,Young,lyoung@verticurl.com,Admin Manager,Coimbatore,V9100156,V9100162,uk,Finance,85,inactive
86,V9100186,V9100186,V9100186,Emily,Preston,epreston@verticurl.com,Admin Manager,Coimbatore,V9100156,V9100162,uk,Technical,86,inactive
87,V9100187,V9100187,V9100187,Justin,Wade,jwade@verticurl.com,Admin Manager,Coimbatore,V9100156,V9100162,uk,Operation,87,inactive
88,V9100188,V9100188,V9100188,Mr.,Kyle,mkyle@verticurl.com,Admin Manager,Coimbatore,V9100156,V9100162,uk,Sales,88,inactive
89,V9100189,V9100189,V9100189,Jason,Mendoza,jmendoza@verticurl.com,Admin Manager,Coimbatore,V9100156,V9100162,uk,Sales,89,inactive
90,V9100190,V9100190,V9100190,Heather,Morris,hmorris@verticurl.com,Admin Manager,Coimbatore,V9100156,V9100162,uk,Sales,90,inactive
91,V9100191,V9100191,V9100191,Dominic,Bonilla,dbonilla@verticurl.com,Admin Manager,Coimbatore,V9100196,V9100205,uk,Marketing,91,inactive
92,V9100192,V9100192,V9100192,Adam,Miller,amiller@verticurl.com,Admin Manager,Coimbatore,V9100196,V9100205,uk,Operation,92,inactive
93,V9100193,V9100193,V9100193,Mrs.,Jacqueline,mjacqueline@verticurl.com,Admin Manager,Coimbatore,V9100196,V9100205,uk,Sales,93,inactive
94,V9100194,V9100194,V9100194,Dana,Haynes,dhaynes@verticurl.com,Admin Manager,Coimbatore,V9100196,V9100205,uk,Marketing,94,inactive
95,V9100195,V9100195,V9100195,Brandon,Benjamin,bbenjamin@verticurl.com,Admin Manager,Coimbatore,V9100196,V9100205,uk,Operation,95,inactive
96,V9100196,V9100196,V9100196,Teresa,Perez,tperez@verticurl.com,Admin Manager,Coimbatore,V9100196,V9100205,uk,Sales,96,inactive
97,V9100197,V9100197,V9100197,Edward,Warner,ewarner@verticurl.com,Admin Manager,Coimbatore,V9100196,V9100205,uk,Sales,97,inactive
98,V9100198,V9100198,V9100198,Kelsey,Joseph,kjoseph@verticurl.com,Admin Manager,Coimbatore,V9100196,V9100205,uk,Finance,98,inactive
99,V9100199,V9100199,V9100199,Sara,Lopez,slopez@verticurl.com,Executive HR,Coimbatore,V9100196,V9100205,uk,Finance,99,inactive
100,V9100200,V9100200,V9100200,Christopher,Case,ccase@verticurl.com,Executive HR,Coimbatore,V9100196,V9100205,uk,Finance,100,inactive
101,V9100201,V9100201,V9100201,Paul,Price,pprice@verticurl.com,Executive HR,Coimbatore,V9100196,V9100205,uk,Marketing,101,inactive
102,V9100202,V9100202,V9100202,David,Cook,dcook@verticurl.com,Executive HR,Coimbatore,V9100196,V9100205,uk,Finance,102,inactive
103,V9100203,V9100203,V9100203,Austin,Mcdowell,amcdowell@verticurl.com,Executive HR,Coimbatore,V9100196,V9100205,uk,Human Resources,103,inactive
104,V9100204,V9100204,V9100204,Hannah,Massey,hmassey@verticurl.com,Executive HR,Coimbatore,V9100196,V9100205,uk,Human Resources,104,inactive
105,V9100205,V9100205,V9100205,Shawn,Reid,sreid@verticurl.com,Executive HR,Coimbatore,V9100196,V9100205,uk,Technical,105,inactive
106,V9100206,V9100206,V9100206,Shaun,Mcdaniel,smcdaniel@verticurl.com,Executive HR,Coimbatore,V9100196,V9100205,uk,Finance,106,inactive
107,V9100207,V9100207,V9100207,Crystal,Reyes,creyes@verticurl.com,Executive HR,Coimbatore,V9100196,V9100205,uk,Technical,107,inactive
108,V9100208,V9100208,V9100208,Taylor,Anderson,tanderson@verticurl.com,Executive HR,Coimbatore,V9100196,V9100205,uk,Sales,108,inactive
109,V9100209,V9100209,V9100209,Jason,Ward,jward@verticurl.com,Executive HR,Coimbatore,V9100196,V9100205,uk,Finance,109,inactive
110,V9100210,V9100210,V9100210,April,Smith,asmith@verticurl.com,Executive HR,Coimbatore,V9100196,V9100205,uk,Human Resources,110,inactive
111,V9100211,V9100211,V9100211,Steven,Buck,sbuck@verticurl.com,Executive HR,Coimbatore,V9100196,V9100205,uk,Marketing,111,inactive
112,V9100212,V9100212,V9100212,Gregg,Sosa,gsosa@verticurl.com,Executive HR,Coimbatore,V9100196,V9100205,uk,Technical,112,inactive
113,V9100213,V9100213,V9100213,Michelle,Johnson,mjohnson@verticurl.com,Executive HR,Coimbatore,V9100196,V9100205,uk,Sales,113,inactive
114,V9100214,V9100214,V9100214,Kaitlyn,Park,kpark@verticurl.com,Executive HR,Coimbatore,V9100196,V9100205,uk,Technical,114,inactive
115,V9100215,V9100215,V9100215,Stephen,Caldwell,scaldwell@verticurl.com,Executive HR,Coimbatore,V9100196,V9100205,uk,Human Resources,115,inactive
116,V9100216,V9100216,V9100216,Michael,Morales,mmorales@verticurl.com,Executive HR,Coimbatore,V9100196,V9100205,uk,Human Resources,116,inactive
117,V9100217,V9100217,V9100217,Lori,Peters,lpeters@verticurl.com,Executive HR,Coimbatore,V9100196,V9100205,uk,Human Resources,117,inactive
118,V9100218,V9100218,V9100218,Jeffrey,Melendez,jmelendez@verticurl.com,Executive HR,Coimbatore,V9100196,V9100205,uk,Sales,118,inactive
119,V9100219,V9100219,V9100219,Brian,Harvey,bharvey@verticurl.com,Executive HR,Coimbatore,V9100196,V9100205,uk,Technical,119,inactive
120,V9100220,V9100220,V9100220,Jessica,Stewart,jstewart@verticurl.com,Executive HR,Coimbatore,V9100196,V9100205,uk,Human Resources,120,inactive
121,V9100221,V9100221,V9100221,Brittany,Zimmerman,bzimmerman@verticurl.com,Executive HR,Coimbatore,V9100196,V9100205,uk,Human Resources,121,inactive
122,V9100222,V9100222,V9100222,Erika,Miller,emiller@verticurl.com,Executive Admin,Coimbatore,V9100196,V9100205,uk,Operation,122,inactive
123,V9100223,V9100223,V9100223,Patricia,Trevino,ptrevino@verticurl.com,Executive Admin,Coimbatore,V9100196,V9100205,uk,Sales,123,inactive
124,V9100224,V9100224,V9100224,Kelly,Bonilla,kbonilla@verticurl.com,Executive Admin,Coimbatore,V9100196,V9100205,uk,Sales,124,inactive
125,V9100225,V9100225,V9100225,Morgan,Jones,mjones@verticurl.com,Executive Admin,Coimbatore,V9100196,V9100205,uk,Marketing,125,inactive
126,V9100226,V9100226,V9100226,Debra,Mcdaniel,dmcdaniel@verticurl.com,Executive Admin,Coimbatore,V9100196,V9100205,uk,Finance,126,inactive
127,V9100227,V9100227,V9100227,Nicole,Rodriguez,nrodriguez@verticurl.com,Executive Admin,Coimbatore,V9100196,V9100205,uk,Sales,127,inactive
128,V9100228,V9100228,V9100228,Sabrina,King,sking@verticurl.com,Executive Admin,Coimbatore,V9100196,V9100205,uk,Operation,128,inactive
129,V9100229,V9100229,V9100229,Kim,Kaiser,kkaiser@verticurl.com,Executive Admin,Coimbatore,V9100196,V9100205,uk,Marketing,129,inactive
130,V9100230,V9100230,V9100230,Michelle,Garcia,mgarcia@verticurl.com,Executive Admin,Coimbatore,V9100196,V9100205,uk,Technical,130,inactive
131,V9100231,V9100231,V9100231,Stephanie,Martinez,smartinez@verticurl.com,Executive Admin,Coimbatore,V9100196,V9100205,uk,Marketing,131,inactive
132,V9100232,V9100232,V9100232,Lawrence,Lowery,llowery@verticurl.com,Executive Admin,Coimbatore,V9100196,V9100205,uk,Human Resources,132,inactive
133,V9100233,V9100233,V9100233,Margaret,Chandler,mchandler@verticurl.com,Executive Admin,Coimbatore,V9100196,V9100205,uk,Marketing,133,inactive
134,V9100234,V9100234,V9100234,Melissa,Rios,mrios@verticurl.com,Executive Admin,Coimbatore,V9100196,V9100205,uk,Operation,134,inactive
135,V9100235,V9100235,V9100235,Jeffrey,Vargas,jvargas@verticurl.com,Executive Admin,Coimbatore,V9100196,V9100205,uk,Human Resources,135,inactive
136,V9100236,V9100236,V9100236,Joshua,Hawkins,jhawkins@verticurl.com,Executive Admin,Coimbatore,V9100196,V9100205,uk,Technical,136,inactive
137,V9100237,V9100237,V9100237,James,Michael,jmichael@verticurl.com,Executive Admin,Coimbatore,V9100196,V9100205,uk,Human Resources,137,inactive
138,V9100238,V9100238,V9100238,Kevin,Johnson,kjohnson@verticurl.com,Executive Admin,Coimbatore,V9100196,V9100205,uk,Marketing,138,inactive
139,V9100239,V9100239,V9100239,Andrew,Johnson,ajohnson@verticurl.com,Executive Admin,Coimbatore,V9100196,V9100205,uk,Marketing,139,inactive
140,V9100240,V9100240,V9100240,Jennifer,Gonzalez,jgonzalez@verticurl.com,Executive Admin,Coimbatore,V9100237,V9100247,uk,Operation,140,inactive
141,V9100241,V9100241,V9100241,Annette,Bird,abird@verticurl.com,Executive Admin,Coimbatore,V9100237,V9100247,uk,Finance,141,inactive
142,V9100242,V9100242,V9100242,Christopher,Gutierrez,cgutierrez@verticurl.com,Executive Admin,Coimbatore,V9100237,V9100247,uk,Human Resources,142,inactive
143,V9100243,V9100243,V9100243,Andrea,Hill,ahill@verticurl.com,Executive Admin,Coimbatore,V9100237,V9100247,uk,Human Resources,143,inactive
144,V9100244,V9100244,V9100244,Robert,Jones,rjones@verticurl.com,Executive Admin,Coimbatore,V9100237,V9100247,uk,Sales,144,inactive
145,V9100245,V9100245,V9100245,Gary,Nguyen,gnguyen@verticurl.com,Executive Admin,Coimbatore,V9100237,V9100247,uk,Operation,145,inactive
146,V9100246,V9100246,V9100246,Tamara,Smith,tsmith@verticurl.com,Executive Admin,Coimbatore,V9100237,V9100247,uk,Operation,146,inactive
147,V9100247,V9100247,V9100247,Jennifer,Sanchez,jsanchez@verticurl.com,Executive Admin,Coimbatore,V9100237,V9100247,uk,Technical,147,inactive
148,V9100248,V9100248,V9100248,Daniel,Williams,dwilliams@verticurl.com,Executive Admin,Coimbatore,V9100237,V9100247,uk,Operation,148,inactive
149,V9100249,V9100249,V9100249,Mary,Watts,mwatts@verticurl.com,Executive Admin,Coimbatore,V9100237,V9100247,uk,Technical,149,inactive
150,V9100250,V9100250,V9100250,Megan,Green,mgreen@verticurl.com,Executive Admin,Coimbatore,V9100237,V9100247,uk,Operation,150,inactive