18,18,One,A,oc,uk,Finance
19,19,One,A,oc,uk,Operation
20,20,One,A,bu,uk,Sales
21,21,One,A,un,uk,Finance
22,22,One,A,bu,uk,Human Resources
23,23,One,A,un,ap,Sales
24,24,One,A,un,ap,Finance
25,25,One,A,oc,ap,Human Resources
26,26,One,A,un,ap,Finance
27,27,One,A,bu,uk,Operation
28,28,One,A,oc,ap,Sales
29,29,One,A,oc,uk,Marketing
30,30,One,A,un,uk,Finance
31,31,One,A,oc,ap,Technical
32,32,One,A,bu,ap,Marketing
33,33,One,A,bu,ap,Human Resources
34,34,One,A,un,uk,Marketing
35,35,One,A,un,uk,Sales
36,36,One,A,bu,uk,Finance
37,37,One,A,bu,ap,Marketing
38,38,One,A,un,uk,Human Resources
39,39,One,A,oc,ap,Finance
40,40,One,A,oc,uk,Operation
41,41,One,A,un,ap,Marketing
42,42,One,A,oc,ap,Human Resources
43,43,One,A,bu,uk,Operation
44,44,One,A,bu,ap,Human Resources
45,45,One,A,bu,ap,Human Resources
46,46,One,A,oc,uk,Technical
47,47,One,A,un,uk,Human Resources
48,48,One,A,oc,uk,Operation
49,49,One,A,bu,ap,Finance
50,50,One,A,oc,ap,Sales
51,51,One,A,un,uk,Finance
52,52,One,A,oc,uk,Technical
53,53,One,A,un,uk,Technical
54,54,One,A,un,uk,Operation
55,55,One,A,bu,uk,Operation
56,56,One,A,oc,ap,Finance
57,57,One,A,un,ap,Marketing
58,58,One,A,bu,ap,Human Resources
59,59,One,A,un,uk,Technical
60,60,One,A,un,ap,Marketing
61,61,One,A,un,uk,Finance
62,62,One,A,oc,uk,Finance
63,63,One,A,un,ap,Marketing
64,64,One,A,un,uk,Finance
65,65,One,A,bu,uk,Human Resources
66,66,One,A,oc,ap,Finance
67,67,One,A,oc,uk,Marketing
68,68,One,A,oc,ap,Finance
69,69,One,A,un,uk,Sales
70,70,One,A,oc,ap,Sales
71,71,One,A,bu,uk,Human Resources
72,72,One,A,oc,uk,Sales
73,73,One,A,un,uk,Human Resources
74,74,One,A,oc,uk,Technical
75,75,One,A,bu,uk,Technical
76,76,One,A,oc,uk,Operation
77,77,One,A,un,uk,Human Resources
78,78,One,A,bu,ap,Human Resources
79,79,One,A,un,ap,Marketing
80,80,One,A,un,ap,Finance
81,81,One,A,un,ap,Technical
82,82,One,A,oc,ap,Technical
83,83,One,A,un,ap,Sales
84,84,One,A,oc,uk,Technical
85,85,One,A,bu,uk,Finance
86,86,One,A,oc,uk,Operation
87,87,One,A,un,ap,Finance
88,88,One,A,bu,ap,Marketing
89,89,One,A,un,ap,Finance
90,90,One,A,oc,uk,Finance
91,91,One,A,oc,ap,Human Resources
92,92,One,A,un,ap,Marketing
93,93,One,A,un,uk,Technical
94,94,One,A,oc,ap,Finance
95,95,One,A,un,uk,Finance
96,96,One,A,oc,ap,Human Resources
97,97,One,A,un,uk,Marketing
98,98,One,A,oc,uk,Marketing
99,99,One,A,oc,ap,Operation
100,100,One,A,un,uk,Sales
101,101,One,A,oc,uk,Technical
102,102,One,A,un,uk,Operation
103,103,One,A,un,uk,Operation
104,104,One,A,un,ap,Human Resources
105,105,One,A,oc,ap,Technical
106,106,One,A,bu,uk,Sales
107,107,One,A,oc,uk,Finance
108,108,One,A,oc,uk,Finance
109,109,One,A,un,uk,Human Resources
110,110,One,A,oc,ap,Finance
111,111,One,A,un,ap,Human Resources
112,112,One,A,un,uk,Sales
113,113,One,A,oc,uk,Technical
114,114,One,A,oc,uk,Operation
115,115,One,A,oc,ap,Marketing
116,116,One,A,un,ap,Finance
117,117,One,A,bu,ap,Finance
118,118,One,A,bu,ap,Technical
119,119,One,A,un,ap,Finance
120,120,One,A,un,uk,Finance
121,121,One,A,oc,ap,Finance
122,122,One,A,bu,ap,Marketing
123,123,One,A,un,uk,Finance
124,124,One,A,bu,uk,Finance
125,125,One,A,oc,uk,Marketing
126,126,One,A,bu,ap,Human Resources
127,127,One,A,bu,uk,Operation
128,128,One,A,un,ap,Technical
129,129,One,A,bu,uk,Marketing
130,130,One,A,bu,ap,Operation
131,131,One,A,bu,ap,Marketing
132,132,One,A,un,uk,Finance
133,133,One,A,oc,uk,Human Resources
134,134,One,A,bu,uk,Sales
135,135,One,A,bu,ap,Operation
136,136,One,A,un,ap,Operation
137,137,One,A,oc,uk,Sales
138,138,One,A,un,uk,Finance
139,139,One,A,bu,ap,Finance
140,140,One,A,oc,uk,Finance
141,141,One,A,oc,uk,Operation
142,142,One,A,oc,uk,Marketing
143,143,One,A,bu,uk,Finance
144,144,One,A,un,uk,Finance
145,145,One,A,un,uk,Finance
146,146,One,A,un,ap,Marketing
147,147,One,A,bu,ap,Marketing
148,148,One,A,un,uk,Human Resources
149,149,One,A,bu,uk,Operation
150,150,One,A,un,uk,Finance
151,151,One,A,un,uk,Human Resources
152,152,One,A,oc,ap,Technical
153,153,One,A,bu,uk,Marketing
154,154,One,A,bu,uk,Finance
155,155,One,A,bu,ap,Sales
156,156,One,A,oc,uk,Human Resources
157,157,One,A,bu,ap,Finance
158,158,One,A,un,uk,Operation
159,159,One,A,un,uk,Operation
160,160,One,A,oc,uk,Marketing
161,161,One,A,bu,ap,Human Resources
162,162,One,A,oc,ap,Sales
163,163,One,A,oc,uk,Human Resources
164,164,One,A,bu,ap,Technical
165,165,One,A,oc,uk,Operation
166,166,One,A,bu,uk,Sales
167,167,One,A,un,ap,Technical
168,168,One,A,un,uk,Marketing
169,169,One,A,un,uk,Marketing
170,170,One,A,un,uk,Operation
171,171,One,A,oc,uk,Finance
172,172,One,A,un,uk,Human Resources
173,173,One,A,bu,ap,Technical
174,174,One,A,bu,ap,Technical
175,175,One,A,oc,uk,Finance
176,176,One,A,un,uk,Human Resources
177,177,One,A,bu,ap,Technical
178,178,One,A,oc,ap,Operation
179,179,One,A,oc,ap,Sales
180,180,One,A,oc,ap,Technical
181,181,One,A,bu,ap,Sales
182,182,One,A,oc,uk,Finance
183,183,One,A,un,uk,Finance
184,184,One,A,bu,uk,Human Resources
185,185,One,A,bu,uk,Human Resources
186,186,One,A,un,ap,Operation
